<?xml version="1.0" encoding="UTF-8"?>
<con:soapui-workspace name="FrameWork" soapui-version="5.2.1" xmlns:con="http://eviware.com/soapui/config">
  <con:settings/>
  <con:project name="Controller">C:/Project_Data/Projects/Controller-soapui-project.xml</con:project>
  <con:project name="India">C:/Project_Data/Projects/India-soapui-project.xml</con:project>
  <con:project name="AccountBalanceService">C:/Users/1559556/Documents/AccountBalanceServiceTest-soapui-project.xml</con:project>
  <con:collectInfoForSupport>false</con:collectInfoForSupport>
</con:soapui-workspace>